Circuito,Posicion,Hellinger,Jensen-Shannon,Modo
tsp_indep_4_mqt.py,1,,,Global Completo
qwalk-v-chain_5_mqt.py,2,,,Global Completo
vqe_indep_5_mqt.py,3,,,Global Completo
grover_9_vq.py,4,,,Global Completo
qwalk-v-chain_5_mqt.py,5,,,Global Completo
tsp_indep_5_mqt.py,6,,,Global Completo
tsp_indep_4_mqt.py,7,,,Global Completo
pe_6_mqt.py,8,0.585699908330914,0.5107544695822127,Global Completo
grover-noancilla_4_mqt.py,9,0.5783479851183186,0.5012137818039258,Global Completo
qwalk-noancilla_3_mqt.py,10,0.4804065614903239,0.41496762314633473,Global Completo
qaoa_indep_3_mqt.py,11,0.5496844020266595,0.47576900475613726,Global Completo
qwalk-noancilla_3_mqt.py,12,0.5590281346699845,0.48439665307987645,Global Completo
simon_vq.py,13,0.5495676386863899,0.47408091439097017,Global Completo
qaoa_indep_4_mqt.py,14,0.48344587202376166,0.4222961024649229,Global Completo
pe_3_mqt.py,15,0.41916587335405214,0.38728119038291414,Global Completo
bv_3_vq.py,16,0.18119070635913057,0.1618976312931544,Global Completo
simon_vq.py,17,0.16436799527077114,0.16355592429784643,Global Completo
vqe_indep_5_mqt.py,18,0.3168374418565717,0.2696336471033406,Global Completo
pe_4_mqt.py,19,0.32177579186759897,0.27117636920359683,Global Completo
pe_6_vq.py,20,0.5213101462400362,0.4724265263037739,Global Completo
vqe_indep_3_mqt.py,21,0.19231368539040197,0.16957329491709777,Global Completo
bv_9_vq.py,22,0.5284753948132271,0.45793146973183946,Global Completo
pe_5_mqt.py,23,0.4785587764453828,0.422642223296163,Global Completo
qft_6_mqt.py,24,0.7077257996863968,0.617068278536398,Global Completo
grover-v-chain_3_mqt.py,25,0.2588903534885029,0.25101578294344234,Global Completo
pe_5_vq.py,26,0.366292021580697,0.31827455184662456,Global Completo
shor_mod21_mqt.py,27,0.40936917566043696,0.35634840554681674,Global Completo
3_17tc_vq.py,28,0.20317922408539243,0.17509717635423272,Global Completo
adder_n10_vq.py,29,,,Global Completo
pe_3_mqt.py,30,,,Global Completo
grover-v-chain_4_mqt.py,31,,,Global Completo
shor_mod21_mqt.py,32,,,Global Completo
qaoa_indep_3_mqt.py,33,,,Global Completo
pe_6_mqt.py,34,,,Global Completo
pe_2_vq.py,35,,,Global Completo
qaoa_indep_4_mqt.py,36,0.22020543712760643,0.20455981647715288,Global Completo
3_17tc_vq.py,37,0.1382181665726529,0.13702278078881275,Global Completo
grover_3_vq.py,38,0.07361828842306065,0.07304457065364753,Global Completo
bv_3_vq.py,39,0.14499481790445332,0.13900475285901345,Global Completo
bv_9_vq.py,40,0.5173844855520718,0.4669095754166842,Global Completo
bv_5_vq.py,41,0.13554954629422783,0.12648607385010444,Global Completo
kickback_7_vq.py,42,0.004649368861863372,0.00464936045714833,Global Completo
bv_5_vq.py,43,0.27781186281725684,0.26163403457489925,Global Completo
qft_2_mqt.py,44,0.12206133048153255,0.12186750943993038,Global Completo
pe_6_vq.py,45,0.5802370566664284,0.4999884171871265,Global Completo
qwalk-v-chain_3_mqt.py,46,0.7938956915447248,0.6959243238105539,Global Completo
grover_7_vq.py,47,0.9011753756730376,0.7849649125420709,Global Completo
qft_7_vq.py,48,0.9654929829722986,0.8236892563394606,Global Completo
grover-noancilla_3_mqt.py,49,0.3047320828299374,0.2562936193219136,Global Completo
grover-noancilla_3_mqt.py,50,0.3047320828299374,0.2562936193219136,Global Completo
qft_7_vq.py,51,,,Global Completo
adder_n7_vq.py,52,,,Global Completo
grover_9_vq.py,53,,,Global Completo
vqe_indep_4_mqt.py,54,,,Global Completo
vqe_indep_3_mqt.py,55,,,Global Completo
vqe_indep_4_mqt.py,56,,,Global Completo
qft_4_mqt.py,57,,,Global Completo
qft_4_mqt.py,58,0.5558687565927457,0.48005715439897184,Global Completo
shor_mod15_mqt.py,59,0.24387463639258614,0.2222129467406796,Global Completo
qft_6_mqt.py,60,0.7449104778862593,0.6510146333859694,Global Completo
tsp_indep_5_mqt.py,61,0.3128416506187133,0.27906401897172084,Global Completo
qft_3_mqt.py,62,0.31233830394772,0.2879351859459111,Global Completo
pe_2_vq.py,63,0.2557820626131741,0.22939306360123546,Global Completo
qwalk-v-chain_3_mqt.py,64,0.43500679134308706,0.3813308151013422,Global Completo
qft_2_mqt.py,65,0.06417837327288478,0.06414459121504439,Global Completo
grover_3_vq.py,66,0.16512729021911696,0.16093126960985168,Global Completo
bv_2_vq.py,67,0.12166392767188577,0.11862157380380604,Global Completo
dj_indep_5_mqt.py,68,0.12970489808138205,0.12778874256151498,Global Completo
qft_3_vq.py,69,0.08928227859393649,0.08911651632320074,Global Completo
qft_3_vq.py,70,0.1156632795459211,0.11526308497835282,Global Completo
grover-v-chain_3_mqt.py,71,0.14428066209640658,0.14164650566653353,Global Completo
dj_indep_7_mqt.py,72,0.7960977708634883,0.7185892526160034,Global Completo
bv_2_vq.py,73,0.05914958529086676,0.05882564920009953,Global Completo
dj_indep_7_mqt.py,74,0.4407683018318347,0.3869282203760541,Global Completo
adder_n4_vq.py,75,0.23768864710102214,0.19912112829429532,Global Completo
adder_n4_vq.py,76,0.19687767220068755,0.1648061089885797,Global Completo
bv_4_vq.py,77,0.2401038654380558,0.20924536081635806,Global Completo
dj_indep_5_mqt.py,78,0.29571308653397366,0.26020111109723637,Global Completo
grover-noancilla_4_mqt.py,79,0.5291175281530501,0.4678746639730994,Global Completo
pe_5_mqt.py,80,0.5249896423081243,0.45112470036055513,Global Completo
qft_3_mqt.py,81,0.1822573234815006,0.18150021541273517,Global Completo
grover_7_vq.py,82,0.8581949045580375,0.7456748435500893,Global Completo
adder_n10_vq.py,83,0.9028549025832472,0.7856793398023028,Global Completo
grover-v-chain_4_mqt.py,84,0.6857441499355058,0.5976362141604956,Global Completo
adder_n7_vq.py,85,0.30869094859635315,0.2596910135443729,Global Completo
pe_4_mqt.py,86,0.4421680512602073,0.37591107054748896,Global Completo
bv_4_vq.py,87,0.22980274491229946,0.21358988075749874,Global Completo
pe_5_vq.py,88,0.2894364327244359,0.2563338343687436,Global Completo
qaoa_indep_5_mqt.py,89,0.26805949233729964,0.2377384519734284,Global Completo
qaoa_indep_5_mqt.py,90,0.30639582842952373,0.27405348829070925,Global Completo
dj_indep_4_mqt.py,91,0.15951396844736962,0.15727381646470043,Global Completo
su2random_3_mqt.py,92,0.10082930908313,0.10071950180532081,Global Completo
su2_5_vq.py,93,0.2299796128885156,0.20781741461583833,Global Completo
kickback_7_vq.py,94,0.012975611657153392,0.01297542957299861,Global Completo
su2_5_vq.py,95,0.16762120269256062,0.14904451688824533,Global Completo
pe_7_mqt.py,96,0.37824867434755083,0.3359440038126874,Global Completo
dj_indep_4_mqt.py,97,0.17916773926983792,0.16655011204601497,Global Completo
su2random_3_mqt.py,98,0.11238558007753308,0.1121260053231534,Global Completo
pe_7_mqt.py,99,0.36330603799011935,0.3237669315124838,Global Completo
shor_mod15_mqt.py,100,0.2749270149119052,0.2552386581341924,Global Completo
dj_indep_4_mqt.py,1,0.21624157939484326,0.20167164641143248,Global DD
pe_5_vq.py,2,0.2708631525312846,0.2398840836379698,Global DD
adder_n4_vq.py,3,0.4389554231849706,0.412532269174386,Global DD
bv_2_vq.py,4,0.1450702781039301,0.1310419065052253,Global DD
grover_3_vq.py,5,0.23983212397329445,0.20257009741334378,Global DD
grover_7_vq.py,6,0.5739467058282821,0.501423746103559,Global DD
tsp_indep_4_mqt.py,7,0.35611783063102787,0.31848755098254594,Global DD
su2random_3_mqt.py,8,0.13111324407802447,0.13063354405203872,Global DD
pe_2_vq.py,9,0.1680165232011977,0.15694949932189425,Global DD
qft_2_mqt.py,10,0.13606565146700006,0.13567614835273786,Global DD
grover-v-chain_3_mqt.py,11,0.217584324419629,0.18633568304545323,Global DD
shor_mod15_mqt.py,12,0.24995105672171264,0.22575173415642671,Global DD
pe_5_mqt.py,13,0.6554478655316164,0.5674748384357641,Global DD
pe_6_vq.py,14,0.6251562390703289,0.5407794040865038,Global DD
tsp_indep_4_mqt.py,15,0.6965755719653202,0.6077609050663695,Global DD
qwalk-v-chain_3_mqt.py,16,0.7196850244871962,0.6283463221976503,Global DD
grover-v-chain_4_mqt.py,17,0.6968735794484769,0.6078321270982401,Global DD
bv_3_vq.py,18,0.37361995923207547,0.34314260003648334,Global DD
grover-noancilla_4_mqt.py,19,0.6328874509231341,0.5514344747468038,Global DD
su2_5_vq.py,20,0.3957334161194583,0.3583520737398455,Global DD
pe_4_mqt.py,21,0.4421680512602073,0.37591107054748896,Global DD
vqe_indep_4_mqt.py,22,0.2965037566273225,0.24924039839825005,Global DD
tsp_indep_5_mqt.py,23,0.6311825425854479,0.5467082766863607,Global DD
qft_6_mqt.py,24,0.8977421673810203,0.7821719503871185,Global DD
qft_3_mqt.py,25,0.7054596746297348,0.615803623580961,Global DD
qwalk-noancilla_3_mqt.py,26,0.5951849229971855,0.5136507822120833,Global DD
qft_7_vq.py,27,0.9336436584969381,0.8067815185722773,Global DD
grover-noancilla_3_mqt.py,28,0.5248714863382019,0.4720214671141546,Global DD
simon_vq.py,29,0.7009846121618224,0.6111124253097326,Global DD
qwalk-v-chain_5_mqt.py,30,0.8528745172758705,0.7464891414808591,Global DD
simon_vq.py,31,0.7960319204150771,0.6978312182470118,Global DD
dj_indep_7_mqt.py,32,0.9420484810341511,0.8114564993321535,Global DD
qft_4_mqt.py,33,0.7623323351119187,0.667089647261222,Global DD
3_17tc_vq.py,34,0.5180766840684923,0.46509880529440006,Global DD
pe_6_mqt.py,35,0.5940540925750685,0.5202001652925158,Global DD
pe_3_mqt.py,36,0.3271504791862102,0.2755669543948077,Global DD
qwalk-noancilla_3_mqt.py,37,0.5951849229971855,0.5136507822120833,Global DD
qft_2_mqt.py,38,0.552034235085643,0.4751294449859115,Global DD
kickback_7_vq.py,39,0.001415136946015509,0.0014151367094243983,Global DD
bv_4_vq.py,40,0.19093350838543488,0.17807424453891535,Global DD
bv_9_vq.py,41,0.7167378840028915,0.6438888009068393,Global DD
3_17tc_vq.py,42,0.09565099249479288,0.09519915127318197,Global DD
tsp_indep_5_mqt.py,43,0.08953960478755997,0.0894057174641218,Global DD
qft_3_vq.py,44,0.12324333659229132,0.1227968213205654,Global DD
grover-v-chain_4_mqt.py,45,0.21935282955946972,0.2176457956164629,Global DD
bv_5_vq.py,46,0.15918207550148408,0.15439145770790508,Global DD
grover-v-chain_3_mqt.py,47,0.19333667992862358,0.18998110198154958,Global DD
vqe_indep_5_mqt.py,48,0.12937204133099114,0.12490459388890111,Global DD
qaoa_indep_5_mqt.py,49,0.6677541692650033,0.5805032894056141,Global DD
dj_indep_5_mqt.py,50,0.8767251199944371,0.761310766513848,Global DD
qaoa_indep_4_mqt.py,51,0.4467173130984408,0.3884005099528329,Global DD
qwalk-v-chain_5_mqt.py,52,0.8533875068470093,0.7461828667963182,Global DD
dj_indep_7_mqt.py,53,0.6768626308177421,0.5988281152843468,Global DD
adder_n7_vq.py,54,0.4089669375967067,0.35998952644872323,Global DD
su2_5_vq.py,55,0.5455580218757825,0.4833488187328429,Global DD
vqe_indep_5_mqt.py,56,0.5986503674323362,0.5240946287630939,Global DD
vqe_indep_3_mqt.py,57,0.5254069737741109,0.4502364238385569,Global DD
grover_9_vq.py,58,0.9808759064669152,0.82894113121224,Global DD
grover_3_vq.py,59,0.0889334886107225,0.08867852226594965,Global DD
qft_3_mqt.py,60,0.08471303332695396,0.0846037003875678,Global DD
bv_2_vq.py,61,0.02245464990069232,0.022429329899949165,Global DD
adder_n4_vq.py,62,0.5043958498424697,0.4809044165586598,Global DD
dj_indep_5_mqt.py,63,0.17493291877864456,0.16391837987677235,Global DD
adder_n7_vq.py,64,0.2355535912555265,0.207867516895923,Global DD
pe_3_mqt.py,65,0.09672556620912298,0.09626644382660766,Global DD
bv_5_vq.py,66,0.2571596328527683,0.24856049045498066,Global DD
grover-noancilla_3_mqt.py,67,0.2178848453242146,0.2003395752653125,Global DD
bv_9_vq.py,68,0.7531069030627644,0.6698208823367967,Global DD
qwalk-v-chain_3_mqt.py,69,0.26304203161203227,0.26107532110248,Global DD
kickback_7_vq.py,70,0.0017038469982930634,0.0017038465853744013,Global DD
adder_n10_vq.py,71,0.5850298789699587,0.5464873271298701,Global DD
vqe_indep_4_mqt.py,72,0.14593069151707241,0.126464627065991,Global DD
qaoa_indep_3_mqt.py,73,0.13645350719063665,0.13504171436374368,Global DD
su2random_3_mqt.py,74,0.04273385311331976,0.042723653969902395,Global DD
bv_4_vq.py,75,0.15627898954004538,0.14887965168003642,Global DD
qft_6_mqt.py,76,0.192813286816425,0.1903001145655469,Global DD
pe_7_mqt.py,77,0.2119409600452098,0.1899098316163711,Global DD
pe_6_mqt.py,78,0.21127557277388606,0.20451410635804174,Global DD
qaoa_indep_5_mqt.py,79,0.14149451222411108,0.13943493670831425,Global DD
qft_3_vq.py,80,0.15219332862706006,0.15134970221022495,Global DD
shor_mod21_mqt.py,81,0.796207670165994,0.6979739707822082,Global DD
grover_7_vq.py,82,0.9011172319333357,0.7772857791228603,Global DD
qaoa_indep_4_mqt.py,83,0.6959143019241855,0.6049044605856037,Global DD
shor_mod21_mqt.py,84,0.8063216252746426,0.7069688177661192,Global DD
qaoa_indep_3_mqt.py,85,0.689896055176369,0.6008938915318863,Global DD
qft_4_mqt.py,86,0.7909200753717882,0.6931900969741394,Global DD
bv_3_vq.py,87,0.47464085381298593,0.4383658222844994,Global DD
pe_5_vq.py,88,0.5385853454459709,0.481249794463837,Global DD
pe_6_vq.py,89,0.6694727008858709,0.5802949252385047,Global DD
dj_indep_4_mqt.py,90,0.5113882874044301,0.4622810448087113,Global DD
vqe_indep_3_mqt.py,91,0.7631632893601047,0.667834956864276,Global DD
grover_9_vq.py,92,0.5045036594441956,0.4537836261176133,Global DD
adder_n10_vq.py,93,0.2400438828919636,0.21064812567706148,Global DD
qft_7_vq.py,94,0.31070641763881623,0.29521678429310505,Global DD
pe_7_mqt.py,95,0.2761474708012414,0.26253307339794757,Global DD
shor_mod15_mqt.py,96,0.17659956224183618,0.16498646283086865,Global DD
grover-noancilla_4_mqt.py,97,0.2015100439405144,0.20032689800896722,Global DD
pe_4_mqt.py,98,0.19006737738359636,0.1869228184340401,Global DD
pe_5_mqt.py,99,0.2200727392686088,0.21609565451637278,Global DD
pe_2_vq.py,100,0.07887710971008323,0.07432151134236303,Global DD
dj_indep_7_mqt.py,1,0.33437626963297956,0.3161929462410264,Global Robust
shor_mod21_mqt.py,2,0.13114953517253242,0.13069053206775239,Global Robust
tsp_indep_5_mqt.py,3,0.08627595402820197,0.086198987698888,Global Robust
vqe_indep_4_mqt.py,4,0.20074457750353777,0.18703920808285981,Global Robust
qwalk-v-chain_3_mqt.py,5,0.29503261207651305,0.2922733668003305,Global Robust
bv_2_vq.py,6,0.04082836385290472,0.04059001390888848,Global Robust
grover-noancilla_4_mqt.py,7,0.13868207557344459,0.13832320045730373,Global Robust
simon_vq.py,8,0.06526279307768812,0.06521552596922062,Global Robust
grover_9_vq.py,9,0.4404172070349229,0.39358552694240534,Global Robust
qaoa_indep_5_mqt.py,10,0.11007539284159998,0.10910527791244705,Global Robust
pe_4_mqt.py,11,0.0912058479241175,0.09069712512684343,Global Robust
grover-v-chain_4_mqt.py,12,0.27916041356755333,0.2757857944962022,Global Robust
su2_5_vq.py,13,0.07678604822216338,0.07357044715788412,Global Robust
pe_2_vq.py,14,0.09995815812395246,0.09688990415113193,Global Robust
qft_2_mqt.py,15,0.14150688688433644,0.14122340426705912,Global Robust
grover_3_vq.py,16,0.17475364924153794,0.16380127911062292,Global Robust
dj_indep_4_mqt.py,17,0.19800740260095626,0.18373217832395175,Global Robust
qwalk-noancilla_3_mqt.py,18,0.20641608724398508,0.20549170588960866,Global Robust
qft_4_mqt.py,19,0.2139076253985685,0.2123008464500321,Global Robust
3_17tc_vq.py,20,0.17016312586494092,0.1524585772675958,Global Robust
adder_n4_vq.py,21,0.13910546031091323,0.12381230792430403,Global Robust
qwalk-noancilla_3_mqt.py,22,0.24011908623511174,0.23717802166208,Global Robust
pe_5_vq.py,23,0.252241676404169,0.241156165279373,Global Robust
qft_3_vq.py,24,0.14104879361539205,0.14039650008612106,Global Robust
su2random_3_mqt.py,25,0.05766506168225105,0.057632939788308156,Global Robust
pe_6_mqt.py,26,0.5523494671639798,0.4746089642935419,Global Robust
tsp_indep_4_mqt.py,27,0.8133418647860138,0.7038354927416255,Global Robust
shor_mod21_mqt.py,28,0.7508121295455262,0.6566974038159841,Global Robust
qwalk-v-chain_5_mqt.py,29,0.838342288697692,0.7346710127428852,Global Robust
bv_3_vq.py,30,0.5847360001126126,0.5505678605432559,Global Robust
pe_6_vq.py,31,0.6204510627506883,0.5513504491632559,Global Robust
qaoa_indep_3_mqt.py,32,0.7037016866573561,0.6136043687860231,Global Robust
bv_2_vq.py,33,0.3112600369977225,0.2874433523462156,Global Robust
qft_6_mqt.py,34,0.09810637296865653,0.09784831945681574,Global Robust
tsp_indep_4_mqt.py,35,0.11778638630260432,0.11713975313816125,Global Robust
shor_mod15_mqt.py,36,0.1752581721489666,0.1700902087839956,Global Robust
bv_4_vq.py,37,0.17751441972895612,0.1747523821946881,Global Robust
tsp_indep_5_mqt.py,38,0.10138126529716873,0.1011944441185842,Global Robust
bv_5_vq.py,39,0.12188956582607358,0.11987293774935204,Global Robust
grover-noancilla_3_mqt.py,40,0.0865297078990325,0.08572957929024025,Global Robust
qft_2_mqt.py,41,0.11316844965705646,0.11300006555304848,Global Robust
simon_vq.py,42,0.06814780019358017,0.06804007281740043,Global Robust
grover_7_vq.py,43,0.30212475710450615,0.27655504033495654,Global Robust
pe_5_mqt.py,44,0.33667467244715205,0.3216266884958202,Global Robust
pe_3_mqt.py,45,0.11931537321650636,0.11655054137454578,Global Robust
3_17tc_vq.py,46,0.12792043823626204,0.12506027583890664,Global Robust
qwalk-v-chain_3_mqt.py,47,0.2164041664239011,0.21521852666284322,Global Robust
qft_3_mqt.py,48,0.1652480408484632,0.16435641054646144,Global Robust
grover-v-chain_3_mqt.py,49,0.16311328371000933,0.1592210912179004,Global Robust
bv_9_vq.py,50,0.5550026316683384,0.48313607346387505,Global Robust
qft_7_vq.py,51,0.59617750282039,0.5170125461033701,Global Robust
kickback_7_vq.py,52,0.0016897454308060081,0.0016897450277322658,Global Robust
su2random_3_mqt.py,53,0.044109393477950336,0.04409700042026656,Global Robust
su2_5_vq.py,54,0.1768137719002694,0.16594864725443695,Global Robust
qwalk-v-chain_5_mqt.py,55,0.331568186247445,0.29277017728497146,Global Robust
qaoa_indep_4_mqt.py,56,0.17093414558149364,0.15502646228459047,Global Robust
qaoa_indep_3_mqt.py,57,0.1530950784834078,0.15206647320629801,Global Robust
qaoa_indep_5_mqt.py,58,0.08501068048505571,0.08467445181309614,Global Robust
vqe_indep_3_mqt.py,59,0.11113290572970884,0.10963556654110583,Global Robust
vqe_indep_4_mqt.py,60,0.10697119965661743,0.10566693343033345,Global Robust
vqe_indep_3_mqt.py,61,0.09870009941520475,0.09774179270051245,Global Robust
dj_indep_5_mqt.py,62,0.09853599339860634,0.09737833728946921,Global Robust
dj_indep_5_mqt.py,63,0.053481781212675356,0.05337174244092081,Global Robust
vqe_indep_5_mqt.py,64,0.1058729873652567,0.10363937735692609,Global Robust
vqe_indep_5_mqt.py,65,0.15163145820981566,0.14818144403508088,Global Robust
qaoa_indep_4_mqt.py,66,0.16510468449931176,0.1634964108004981,Global Robust
adder_n7_vq.py,67,0.21136961633674112,0.20474617497585051,Global Robust
adder_n10_vq.py,68,0.3853273447106704,0.3598073239772942,Global Robust
dj_indep_7_mqt.py,69,0.1457004110534382,0.14432844206155634,Global Robust
adder_n10_vq.py,70,0.17383399374831765,0.1588761719017479,Global Robust
adder_n4_vq.py,71,0.11157726550733481,0.09973630009775522,Global Robust
adder_n7_vq.py,72,0.21006899260867398,0.1977497930652333,Global Robust
bv_3_vq.py,73,0.10054118273638682,0.09988124445845713,Global Robust
bv_4_vq.py,74,0.1452843778259037,0.14012376231635504,Global Robust
bv_5_vq.py,75,0.17515825035049995,0.1700009624134807,Global Robust
grover-v-chain_4_mqt.py,76,0.1820839934365491,0.181079119797451,Global Robust
grover-v-chain_3_mqt.py,77,0.10000744818196257,0.09917639783012228,Global Robust
grover_3_vq.py,78,0.16518202973704046,0.1606332471982389,Global Robust
grover_7_vq.py,79,0.6538595312095545,0.567665150501093,Global Robust
bv_9_vq.py,80,0.6471410214401376,0.558666927817657,Global Robust
grover-noancilla_3_mqt.py,81,0.1785378768281878,0.16678240460878271,Global Robust
pe_3_mqt.py,82,0.24873205360752648,0.20882733857332142,Global Robust
pe_2_vq.py,83,0.2671850290446784,0.2383129284340024,Global Robust
kickback_7_vq.py,84,0.06272157942722176,0.06270062466242447,Global Robust
qft_3_mqt.py,85,0.2725255247540398,0.2681814439421246,Global Robust
grover_9_vq.py,86,0.34812843141111516,0.31540979320374146,Global Robust
pe_7_mqt.py,87,0.21574663847410075,0.21040176784250292,Global Robust
pe_5_mqt.py,88,0.2173804784820863,0.2131375735537069,Global Robust
dj_indep_4_mqt.py,89,0.12373043408644817,0.12258316733196666,Global Robust
shor_mod15_mqt.py,90,0.0931929247283026,0.08796558680459513,Global Robust
grover-noancilla_4_mqt.py,91,0.21990692321557478,0.21812983534395436,Global Robust
pe_4_mqt.py,92,0.25403684613178157,0.24774046965289484,Global Robust
pe_6_mqt.py,93,0.22404487085329367,0.21771104514932013,Global Robust
qft_7_vq.py,94,0.21215458317679192,0.2098583298590375,Global Robust
qft_4_mqt.py,95,0.19277069821601395,0.19158642253219074,Global Robust
pe_5_vq.py,96,0.09478999073774298,0.09336870028338909,Global Robust
pe_6_vq.py,97,0.1950517045243921,0.19153311345447654,Global Robust
pe_7_mqt.py,98,0.12222174295685238,0.12024056878764934,Global Robust
qft_3_vq.py,99,0.12307373255265082,0.12261020515925704,Global Robust
qft_6_mqt.py,100,0.19843760098316857,0.19694446862540926,Global Robust
tsp_indep_5_mqt.py,1,0.13911702651670874,0.1386302660438379,Global Standard
shor_mod21_mqt.py,2,0.17548119280393315,0.17390909404359117,Global Standard
qft_3_mqt.py,3,0.15233125568180259,0.1518528155744773,Global Standard
pe_4_mqt.py,4,0.21572334440341254,0.19634648263519935,Global Standard
su2_5_vq.py,5,0.18071658264132692,0.15409998741866743,Global Standard
pe_5_mqt.py,6,0.44673056946854756,0.38687019210907847,Global Standard
bv_2_vq.py,7,0.07933635142681987,0.06905976556759372,Global Standard
qwalk-v-chain_3_mqt.py,8,0.24771713337880225,0.24535592535198722,Global Standard
kickback_7_vq.py,9,0.010357089097014192,0.010356995984042008,Global Standard
grover-noancilla_3_mqt.py,10,0.09781733027714098,0.09682923894267179,Global Standard
3_17tc_vq.py,11,0.093108671793027,0.09263517875361875,Global Standard
qaoa_indep_5_mqt.py,12,0.1081707688253822,0.10766681214202015,Global Standard
qft_4_mqt.py,13,0.19485964372404327,0.1938005982165347,Global Standard
simon_vq.py,14,0.04398377398879016,0.043971581503617185,Global Standard
qwalk-noancilla_3_mqt.py,15,0.2386381957221685,0.2364896715025748,Global Standard
adder_n4_vq.py,16,0.09077579663009873,0.08782071015618469,Global Standard
pe_6_vq.py,17,0.18267940685497575,0.1772187790971026,Global Standard
3_17tc_vq.py,18,0.07682270117348547,0.0765224106860401,Global Standard
qaoa_indep_3_mqt.py,19,0.13383797255254817,0.13346213732194392,Global Standard
simon_vq.py,20,0.0343998641808281,0.03439296866357357,Global Standard
grover-v-chain_3_mqt.py,21,0.11427823402203628,0.11305546054182226,Global Standard
pe_2_vq.py,22,0.08644881051635403,0.08555993107448395,Global Standard
pe_6_mqt.py,23,0.18243004659563872,0.17854462202689655,Global Standard
grover-noancilla_4_mqt.py,24,0.1673076624395353,0.16663881666870167,Global Standard
pe_5_vq.py,25,0.10773402234249806,0.10192178460302947,Global Standard
grover_9_vq.py,26,0.3428441437491228,0.31014685501161154,Global Standard
bv_9_vq.py,27,0.6428360887537907,0.5768014980786473,Global Standard
dj_indep_4_mqt.py,28,0.11502380066787739,0.11429699573668689,Global Standard
bv_4_vq.py,29,0.17480368866581958,0.17100113385410162,Global Standard
bv_5_vq.py,30,0.16903257151117188,0.16154471480463536,Global Standard
su2random_3_mqt.py,31,0.041751420606485685,0.041733369514783035,Global Standard
grover_3_vq.py,32,0.13316640518275794,0.13081932469453814,Global Standard
vqe_indep_4_mqt.py,33,0.28232441166258204,0.25331101583599364,Global Standard
dj_indep_7_mqt.py,34,0.5650070912292554,0.5261203853261482,Global Standard
shor_mod21_mqt.py,35,0.40879809584565063,0.35901084882068884,Global Standard
bv_3_vq.py,36,0.16452034003796612,0.1458877707771053,Global Standard
qwalk-v-chain_5_mqt.py,37,0.37525034850365985,0.32912226296177644,Global Standard
grover-v-chain_4_mqt.py,38,0.5082165003845673,0.44472235403107196,Global Standard
qft_6_mqt.py,39,0.5788781295724001,0.5027363068106976,Global Standard
qft_2_mqt.py,40,0.15384352236540383,0.15343908882931506,Global Standard
pe_3_mqt.py,41,0.3271504791862102,0.2755669543948077,Global Standard
qft_3_vq.py,42,0.4018495316364599,0.3538352559416197,Global Standard
tsp_indep_5_mqt.py,43,0.4759626281854934,0.4152037379624366,Global Standard
tsp_indep_4_mqt.py,44,0.4381043383933993,0.3999459763441549,Global Standard
qwalk-noancilla_3_mqt.py,45,0.5287684285843602,0.45573207233367985,Global Standard
tsp_indep_4_mqt.py,46,0.4513867037357099,0.39381859456498497,Global Standard
qwalk-v-chain_3_mqt.py,47,0.47981170444799054,0.41530736127554757,Global Standard
shor_mod15_mqt.py,48,0.24463608144335477,0.2203560483163018,Global Standard
vqe_indep_3_mqt.py,49,0.43995783639551467,0.3847157940635007,Global Standard
qft_7_vq.py,50,0.5841674181620299,0.5058546539064793,Global Standard
grover_7_vq.py,51,0.44266868724235464,0.39753128587422026,Global Standard
su2_5_vq.py,52,0.20367936360012348,0.17788146048842327,Global Standard
qwalk-v-chain_5_mqt.py,53,0.3032379584231791,0.27996547310244413,Global Standard
qaoa_indep_3_mqt.py,54,0.1945368784848777,0.17514888452700933,Global Standard
vqe_indep_4_mqt.py,55,0.21705655070522326,0.19683743473740836,Global Standard
su2random_3_mqt.py,56,0.12261356031099008,0.12213578323329852,Global Standard
qaoa_indep_5_mqt.py,57,0.10106027115014643,0.10065112389359662,Global Standard
dj_indep_5_mqt.py,58,0.5673996932608399,0.5438282888829633,Global Standard
qaoa_indep_4_mqt.py,59,0.174600903180258,0.1726692306926277,Global Standard
vqe_indep_3_mqt.py,60,0.10822856389326536,0.10689646463539731,Global Standard
vqe_indep_5_mqt.py,61,0.14244868132316799,0.13967444113414895,Global Standard
vqe_indep_5_mqt.py,62,0.10296658152617916,0.10200601528027173,Global Standard
qaoa_indep_4_mqt.py,63,0.15792983048333156,0.15660680308406352,Global Standard
bv_2_vq.py,64,0.07810498737215905,0.0770212941281367,Global Standard
adder_n10_vq.py,65,0.4191003159360946,0.3972761081317072,Global Standard
dj_indep_5_mqt.py,66,0.09430398636113096,0.09321203185943833,Global Standard
dj_indep_7_mqt.py,67,0.21704698755601798,0.21323139605198146,Global Standard
bv_3_vq.py,68,0.09144489558030744,0.09018419503615002,Global Standard
adder_n4_vq.py,69,0.11823773271640839,0.11574583419616225,Global Standard
adder_n10_vq.py,70,0.18009259641122066,0.16478835125380498,Global Standard
bv_4_vq.py,71,0.11283894903539261,0.11176428258206551,Global Standard
bv_5_vq.py,72,0.15926313579530332,0.155894146548455,Global Standard
adder_n7_vq.py,73,0.25484613942293066,0.24052320042484038,Global Standard
adder_n7_vq.py,74,0.11240924996968,0.10714639497436784,Global Standard
bv_9_vq.py,75,0.3084972761891873,0.29319155139774594,Global Standard
grover-noancilla_3_mqt.py,76,0.13665248765760674,0.13539997661304726,Global Standard
grover-v-chain_3_mqt.py,77,0.22158455264080296,0.19876787783620573,Global Standard
grover-noancilla_4_mqt.py,78,0.30453461689382844,0.2789292190906379,Global Standard
grover_9_vq.py,79,0.8240583236410668,0.7122521381270384,Global Standard
qft_2_mqt.py,80,0.04749933421812428,0.04747591459886085,Global Standard
pe_2_vq.py,81,0.171792616005103,0.14404827036619314,Global Standard
grover_7_vq.py,82,0.4738875729426237,0.4189369611131015,Global Standard
pe_5_mqt.py,83,0.35312002749557264,0.32433168128841555,Global Standard
pe_7_mqt.py,84,0.42300821431978164,0.3690878846864268,Global Standard
qft_3_mqt.py,85,0.19127752944546486,0.18881432745210944,Global Standard
pe_5_vq.py,86,0.08512559734734473,0.08471890653697649,Global Standard
pe_4_mqt.py,87,0.23331365620414016,0.22771424715442037,Global Standard
pe_6_vq.py,88,0.22053628313996904,0.21720485881048196,Global Standard
pe_7_mqt.py,89,0.1312237592251837,0.13053032653194263,Global Standard
pe_6_mqt.py,90,0.23279131324023103,0.22944493008670241,Global Standard
qft_6_mqt.py,91,0.10889258261525168,0.10862489252821725,Global Standard
qft_4_mqt.py,92,0.1919255628925596,0.19078098230471538,Global Standard
pe_3_mqt.py,93,0.13034843445555996,0.1276617673691242,Global Standard
dj_indep_4_mqt.py,94,0.09428150089581852,0.0936461362585736,Global Standard
grover-v-chain_4_mqt.py,95,0.27714898895214535,0.27423998436708796,Global Standard
kickback_7_vq.py,96,0.0072637307406670315,0.0072636987819367374,Global Standard
qft_3_vq.py,97,0.09217693504366889,0.09196744470073992,Global Standard
shor_mod15_mqt.py,98,0.08924729144991604,0.08737661432632299,Global Standard
grover_3_vq.py,99,0.1684302585048066,0.16348732316000825,Global Standard
qft_7_vq.py,100,0.19454209455095806,0.19262346767051786,Global Standard
kickback_7_vq.py,1,0.0053733680290581586,0.0053733550516261415,Global T1 decay
qaoa_indep_5_mqt.py,2,0.37137728633755906,0.3640916888621722,Global T1 decay
dj_indep_7_mqt.py,3,0.3446892796222348,0.33311680561563306,Global T1 decay
pe_5_vq.py,4,0.07514318440686,0.07475271854552334,Global T1 decay
tsp_indep_5_mqt.py,5,0.07361641674870457,0.07355571804222848,Global T1 decay
su2random_3_mqt.py,6,0.029174365918888143,0.029169718551644245,Global T1 decay
qwalk-v-chain_3_mqt.py,7,0.29247738268758755,0.28951771833947865,Global T1 decay
pe_6_vq.py,8,0.2482576993149268,0.24227992663314754,Global T1 decay
qft_7_vq.py,9,0.34206919320877577,0.3344716783323233,Global T1 decay
grover_3_vq.py,10,0.16900344727076114,0.16391400770943712,Global T1 decay
bv_3_vq.py,11,0.13888547734290876,0.13774377812723654,Global T1 decay
tsp_indep_5_mqt.py,12,0.06588174716332418,0.06583680029140604,Global T1 decay
shor_mod21_mqt.py,13,0.06071709771939068,0.06067810034727035,Global T1 decay
bv_4_vq.py,14,0.12766196925901055,0.1263832804861855,Global T1 decay
bv_2_vq.py,15,0.0423579388774993,0.04214387523657885,Global T1 decay
qft_4_mqt.py,16,0.1703349952418898,0.16949360738328037,Global T1 decay
shor_mod15_mqt.py,17,0.1180052562088677,0.11329611943560697,Global T1 decay
qft_3_mqt.py,18,0.09378191261006875,0.09366295574183012,Global T1 decay
pe_2_vq.py,19,0.06845574821223609,0.06798542141039186,Global T1 decay
bv_5_vq.py,20,0.20739139913229435,0.20131914829589875,Global T1 decay
grover-noancilla_4_mqt.py,21,0.1802156353343734,0.1792302276198323,Global T1 decay
pe_3_mqt.py,22,0.11091023666477054,0.10994024471411912,Global T1 decay
grover-noancilla_3_mqt.py,23,0.12190541169187849,0.12086916666329937,Global T1 decay
qft_2_mqt.py,24,0.09199148927057418,0.09191587136097436,Global T1 decay
pe_5_mqt.py,25,0.20318985226861572,0.20105296675156467,Global T1 decay
grover-v-chain_4_mqt.py,26,0.32320815117191976,0.31869120416148744,Global T1 decay
3_17tc_vq.py,27,0.06722771812051256,0.0670950526029525,Global T1 decay
qft_6_mqt.py,28,0.16756248045927608,0.16661119931446053,Global T1 decay
qwalk-v-chain_5_mqt.py,29,0.10749723571896491,0.10725338083586258,Global T1 decay
pe_6_mqt.py,30,0.35047251659694595,0.34146083395475146,Global T1 decay
vqe_indep_4_mqt.py,31,0.11020256788963807,0.10827434790482023,Global T1 decay
adder_n4_vq.py,32,0.11453982313032827,0.10709875286605733,Global T1 decay
dj_indep_4_mqt.py,33,0.18773414700653254,0.18368382744554757,Global T1 decay
grover_7_vq.py,34,0.28078732629620645,0.27346175091202846,Global T1 decay
su2_5_vq.py,35,0.16633603966809338,0.15826547282896844,Global T1 decay
3_17tc_vq.py,36,0.04637755457251455,0.04633736520022023,Global T1 decay
qaoa_indep_3_mqt.py,37,0.16787354623542905,0.1668762021572499,Global T1 decay
qwalk-v-chain_3_mqt.py,38,0.2744412322358173,0.2718366226228059,Global T1 decay
simon_vq.py,39,0.08273015092483509,0.08266838221330858,Global T1 decay
simon_vq.py,40,0.05949821814366711,0.05945335913153427,Global T1 decay
bv_9_vq.py,41,0.36143347457339303,0.336326990819069,Global T1 decay
pe_4_mqt.py,42,0.102102241240321,0.10169342207010798,Global T1 decay
shor_mod21_mqt.py,43,0.06483389592277236,0.06476888766013436,Global T1 decay
grover-v-chain_3_mqt.py,44,0.11200675642382335,0.11090046932639597,Global T1 decay
qft_3_vq.py,45,0.09909212926060092,0.09885115902292221,Global T1 decay
tsp_indep_4_mqt.py,46,0.10688249418024477,0.10645244504826223,Global T1 decay
tsp_indep_4_mqt.py,47,0.13149629092905465,0.13040385729057266,Global T1 decay
qwalk-noancilla_3_mqt.py,48,0.192675417083188,0.19190584114287795,Global T1 decay
grover_9_vq.py,49,0.48059149072919755,0.4505815351575167,Global T1 decay
qwalk-noancilla_3_mqt.py,50,0.20230707486534397,0.20078168667097698,Global T1 decay
su2_5_vq.py,51,0.13738012565032154,0.13276805442760248,Global T1 decay
qaoa_indep_3_mqt.py,52,0.07538582839217702,0.07527739727370183,Global T1 decay
su2random_3_mqt.py,53,0.05125959987928096,0.051231723709923016,Global T1 decay
vqe_indep_3_mqt.py,54,0.0834240847442145,0.08301676604620802,Global T1 decay
qwalk-v-chain_5_mqt.py,55,0.09432766929305966,0.09411199977331773,Global T1 decay
qaoa_indep_5_mqt.py,56,0.3833793797586897,0.3749982688352282,Global T1 decay
qaoa_indep_4_mqt.py,57,0.16767589333902397,0.1656805901206745,Global T1 decay
vqe_indep_4_mqt.py,58,0.16452118105931934,0.15894784344531684,Global T1 decay
vqe_indep_5_mqt.py,59,0.13294589433763562,0.1298094905266869,Global T1 decay
qaoa_indep_4_mqt.py,60,0.14477564803152745,0.14386807364434143,Global T1 decay
vqe_indep_3_mqt.py,61,0.1339254920607036,0.13264992127388747,Global T1 decay
bv_2_vq.py,62,0.031675441331637376,0.03160426952959761,Global T1 decay
vqe_indep_5_mqt.py,63,0.125994492654271,0.1245452513868144,Global T1 decay
dj_indep_5_mqt.py,64,0.5804753637107029,0.5553165876918785,Global T1 decay
dj_indep_5_mqt.py,65,0.14336412894598294,0.14151872082408948,Global T1 decay
adder_n10_vq.py,66,0.4127026293342264,0.3847502714487596,Global T1 decay
adder_n4_vq.py,67,0.12495142887690608,0.12258288177332213,Global T1 decay
bv_5_vq.py,68,0.15498906144154534,0.1527626753364119,Global T1 decay
bv_3_vq.py,69,0.0472273783214012,0.04708843433315349,Global T1 decay
adder_n10_vq.py,70,0.448685622601851,0.4268457842692286,Global T1 decay
dj_indep_7_mqt.py,71,0.12898449508707205,0.12695400424995018,Global T1 decay
adder_n7_vq.py,72,0.11331489767695362,0.10831283931993076,Global T1 decay
bv_9_vq.py,73,0.2727391514773032,0.2582378167303196,Global T1 decay
adder_n7_vq.py,74,0.151785677651912,0.14376015464233619,Global T1 decay
grover-v-chain_4_mqt.py,75,0.26810667804058264,0.26525633676516275,Global T1 decay
grover_3_vq.py,76,0.09008100683255137,0.08976105011209178,Global T1 decay
grover_7_vq.py,77,0.13375239022949154,0.13115332164417887,Global T1 decay
grover-noancilla_4_mqt.py,78,0.19318141161054428,0.19221916559995778,Global T1 decay
pe_5_vq.py,79,0.6054434099799587,0.5729412386425657,Global T1 decay
qft_7_vq.py,80,0.15117693397571552,0.15040888114246762,Global T1 decay
grover-v-chain_3_mqt.py,81,0.11566005688463768,0.11452613228765769,Global T1 decay
bv_4_vq.py,82,0.10533209042931076,0.1047008862799918,Global T1 decay
grover-noancilla_3_mqt.py,83,0.10045900256315152,0.09961529999854966,Global T1 decay
qft_2_mqt.py,84,0.11354011479953631,0.11339836728540151,Global T1 decay
grover_9_vq.py,85,0.26863942862952217,0.24754156045409603,Global T1 decay
pe_6_vq.py,86,0.19053433762879993,0.18574113444434068,Global T1 decay
qft_4_mqt.py,87,0.18687208135595915,0.1856275926236949,Global T1 decay
qft_3_vq.py,88,0.11196200019003577,0.11159599760164586,Global T1 decay
pe_4_mqt.py,89,0.15757576173325646,0.15579422703098914,Global T1 decay
pe_5_mqt.py,90,0.28934957285184304,0.28051341801413765,Global T1 decay
pe_2_vq.py,91,0.14194885276689523,0.1376247048007913,Global T1 decay
pe_3_mqt.py,92,0.13718085048104312,0.13460053719580803,Global T1 decay
pe_7_mqt.py,93,0.164269106567343,0.1627999296022405,Global T1 decay
pe_6_mqt.py,94,0.5122800409620043,0.4883893047796252,Global T1 decay
qft_6_mqt.py,95,0.10842795861678589,0.10805612149304736,Global T1 decay
shor_mod15_mqt.py,96,0.09991552736886282,0.09842008874966594,Global T1 decay
dj_indep_4_mqt.py,97,0.10353164951569824,0.10284741790523949,Global T1 decay
qft_3_mqt.py,98,0.09332034647150796,0.09319141152249895,Global T1 decay
kickback_7_vq.py,99,0.008029907630117024,0.008029864278007882,Global T1 decay
pe_7_mqt.py,100,0.12960878342089704,0.12898474831929882,Global T1 decay
